uf,ano,tri,n,ncol,obj_ok,cid_col_presente,n_cid_principal_L732,filtro_consistente,base
AC,2020,1,0,62,TRUE,TRUE,NA,TRUE,sia
AC,2020,2,0,62,TRUE,TRUE,NA,TRUE,sia
AC,2020,3,0,62,TRUE,TRUE,NA,TRUE,sia
AC,2020,4,0,62,TRUE,TRUE,NA,TRUE,sia
AC,2021,1,0,62,TRUE,TRUE,NA,TRUE,sia
AC,2021,2,0,62,TRUE,TRUE,NA,TRUE,sia
AC,2021,3,2,62,TRUE,TRUE,2,TRUE,sia
AC,2021,4,3,62,TRUE,TRUE,3,TRUE,sia
AC,2022,1,3,62,TRUE,TRUE,3,TRUE,sia
AC,2022,2,1,62,TRUE,TRUE,1,TRUE,sia
AC,2022,3,0,62,TRUE,TRUE,NA,TRUE,sia
AC,2022,4,0,62,TRUE,TRUE,NA,TRUE,sia
AC,2023,1,0,62,TRUE,TRUE,NA,TRUE,sia
AC,2023,2,4,62,TRUE,TRUE,4,TRUE,sia
AC,2023,3,3,62,TRUE,TRUE,3,TRUE,sia
AC,2023,4,6,62,TRUE,TRUE,6,TRUE,sia
AC,2024,1,12,62,TRUE,TRUE,12,TRUE,sia
AC,2024,2,18,62,TRUE,TRUE,18,TRUE,sia
AC,2024,3,27,62,TRUE,TRUE,27,TRUE,sia
AC,2024,4,22,62,TRUE,TRUE,22,TRUE,sia
AC,2025,1,27,62,TRUE,TRUE,27,TRUE,sia
AC,2025,2,25,62,TRUE,TRUE,25,TRUE,sia
AC,2025,3,32,62,TRUE,TRUE,32,TRUE,sia
AC,2025,4,26,62,TRUE,TRUE,26,TRUE,sia
AL,2020,1,14,62,TRUE,TRUE,14,TRUE,sia
AL,2020,2,8,62,TRUE,TRUE,8,TRUE,sia
AL,2020,3,13,62,TRUE,TRUE,13,TRUE,sia
AL,2020,4,24,62,TRUE,TRUE,24,TRUE,sia
AL,2021,1,21,62,TRUE,TRUE,21,TRUE,sia
AL,2021,2,16,62,TRUE,TRUE,16,TRUE,sia
AL,2021,3,29,62,TRUE,TRUE,29,TRUE,sia
AL,2021,4,33,62,TRUE,TRUE,33,TRUE,sia
AL,2022,1,36,62,TRUE,TRUE,36,TRUE,sia
AL,2022,2,37,62,TRUE,TRUE,37,TRUE,sia
AL,2022,3,39,62,TRUE,TRUE,39,TRUE,sia
AL,2022,4,32,62,TRUE,TRUE,32,TRUE,sia
AL,2023,1,35,62,TRUE,TRUE,35,TRUE,sia
AL,2023,2,52,62,TRUE,TRUE,52,TRUE,sia
AL,2023,3,79,62,TRUE,TRUE,79,TRUE,sia
AL,2023,4,65,62,TRUE,TRUE,65,TRUE,sia
AL,2024,1,82,62,TRUE,TRUE,82,TRUE,sia
AL,2024,2,101,62,TRUE,TRUE,101,TRUE,sia
AL,2024,3,91,62,TRUE,TRUE,91,TRUE,sia
AL,2024,4,102,62,TRUE,TRUE,102,TRUE,sia
AL,2025,1,104,62,TRUE,TRUE,104,TRUE,sia
AL,2025,2,96,62,TRUE,TRUE,96,TRUE,sia
AL,2025,3,121,62,TRUE,TRUE,121,TRUE,sia
AL,2025,4,5,62,TRUE,TRUE,5,TRUE,sia
AP,2020,1,0,62,TRUE,TRUE,NA,TRUE,sia
AP,2020,2,0,62,TRUE,TRUE,NA,TRUE,sia
AP,2020,3,0,62,TRUE,TRUE,NA,TRUE,sia
AP,2020,4,0,62,TRUE,TRUE,NA,TRUE,sia
AP,2021,1,0,62,TRUE,TRUE,NA,TRUE,sia
AP,2021,2,2,62,TRUE,TRUE,2,TRUE,sia
AP,2021,3,4,62,TRUE,TRUE,4,TRUE,sia
AP,2021,4,6,62,TRUE,TRUE,6,TRUE,sia
AP,2022,1,3,62,TRUE,TRUE,3,TRUE,sia
AP,2022,2,2,62,TRUE,TRUE,2,TRUE,sia
AP,2022,3,3,62,TRUE,TRUE,3,TRUE,sia
AP,2022,4,8,62,TRUE,TRUE,8,TRUE,sia
AP,2023,1,6,62,TRUE,TRUE,6,TRUE,sia
AP,2023,2,11,62,TRUE,TRUE,11,TRUE,sia
AP,2023,3,4,62,TRUE,TRUE,4,TRUE,sia
AP,2023,4,9,62,TRUE,TRUE,9,TRUE,sia
AP,2024,1,13,62,TRUE,TRUE,13,TRUE,sia
AP,2024,2,24,62,TRUE,TRUE,24,TRUE,sia
AP,2024,3,11,62,TRUE,TRUE,11,TRUE,sia
AP,2024,4,28,62,TRUE,TRUE,28,TRUE,sia
AP,2025,1,31,62,TRUE,TRUE,31,TRUE,sia
AP,2025,2,8,62,TRUE,TRUE,8,TRUE,sia
AP,2025,3,43,62,TRUE,TRUE,43,TRUE,sia
AP,2025,4,19,62,TRUE,TRUE,19,TRUE,sia
AM,2020,1,5,62,TRUE,TRUE,5,TRUE,sia
AM,2020,2,6,62,TRUE,TRUE,6,TRUE,sia
AM,2020,3,9,62,TRUE,TRUE,9,TRUE,sia
AM,2020,4,6,62,TRUE,TRUE,6,TRUE,sia
AM,2021,1,14,62,TRUE,TRUE,14,TRUE,sia
AM,2021,2,14,62,TRUE,TRUE,14,TRUE,sia
AM,2021,3,23,62,TRUE,TRUE,23,TRUE,sia
AM,2021,4,25,62,TRUE,TRUE,25,TRUE,sia
AM,2022,1,31,62,TRUE,TRUE,31,TRUE,sia
AM,2022,2,30,62,TRUE,TRUE,30,TRUE,sia
AM,2022,3,35,62,TRUE,TRUE,35,TRUE,sia
AM,2022,4,39,62,TRUE,TRUE,39,TRUE,sia
AM,2023,1,32,62,TRUE,TRUE,32,TRUE,sia
AM,2023,2,47,62,TRUE,TRUE,47,TRUE,sia
AM,2023,3,53,62,TRUE,TRUE,53,TRUE,sia
AM,2023,4,58,62,TRUE,TRUE,58,TRUE,sia
AM,2024,1,55,62,TRUE,TRUE,55,TRUE,sia
AM,2024,2,76,62,TRUE,TRUE,76,TRUE,sia
AM,2024,3,84,62,TRUE,TRUE,84,TRUE,sia
AM,2024,4,105,62,TRUE,TRUE,105,TRUE,sia
AM,2025,1,82,62,TRUE,TRUE,82,TRUE,sia
AM,2025,2,104,62,TRUE,TRUE,104,TRUE,sia
AM,2025,3,125,62,TRUE,TRUE,125,TRUE,sia
AM,2025,4,99,62,TRUE,TRUE,99,TRUE,sia
BA,2020,1,16,62,TRUE,TRUE,16,TRUE,sia
BA,2020,2,7,62,TRUE,TRUE,7,TRUE,sia
BA,2020,3,18,62,TRUE,TRUE,18,TRUE,sia
BA,2020,4,37,62,TRUE,TRUE,37,TRUE,sia
BA,2021,1,34,62,TRUE,TRUE,34,TRUE,sia
BA,2021,2,57,62,TRUE,TRUE,57,TRUE,sia
BA,2021,3,88,62,TRUE,TRUE,88,TRUE,sia
BA,2021,4,91,62,TRUE,TRUE,91,TRUE,sia
BA,2022,1,112,62,TRUE,TRUE,112,TRUE,sia
BA,2022,2,126,62,TRUE,TRUE,126,TRUE,sia
BA,2022,3,141,62,TRUE,TRUE,141,TRUE,sia
BA,2022,4,125,62,TRUE,TRUE,125,TRUE,sia
BA,2023,1,174,62,TRUE,TRUE,174,TRUE,sia
BA,2023,2,197,62,TRUE,TRUE,197,TRUE,sia
BA,2023,3,128,62,TRUE,TRUE,128,TRUE,sia
BA,2023,4,303,62,TRUE,TRUE,303,TRUE,sia
BA,2024,1,228,62,TRUE,TRUE,228,TRUE,sia
BA,2024,2,246,62,TRUE,TRUE,246,TRUE,sia
BA,2024,3,273,62,TRUE,TRUE,273,TRUE,sia
BA,2024,4,315,62,TRUE,TRUE,315,TRUE,sia
BA,2025,1,353,62,TRUE,TRUE,353,TRUE,sia
BA,2025,2,351,62,TRUE,TRUE,351,TRUE,sia
BA,2025,3,379,62,TRUE,TRUE,379,TRUE,sia
BA,2025,4,331,62,TRUE,TRUE,331,TRUE,sia
CE,2020,1,39,62,TRUE,TRUE,39,TRUE,sia
CE,2020,2,77,62,TRUE,TRUE,77,TRUE,sia
CE,2020,3,132,62,TRUE,TRUE,132,TRUE,sia
CE,2020,4,177,62,TRUE,TRUE,177,TRUE,sia
CE,2021,1,179,62,TRUE,TRUE,179,TRUE,sia
CE,2021,2,191,62,TRUE,TRUE,191,TRUE,sia
CE,2021,3,219,62,TRUE,TRUE,219,TRUE,sia
CE,2021,4,224,62,TRUE,TRUE,224,TRUE,sia
CE,2022,1,284,62,TRUE,TRUE,284,TRUE,sia
CE,2022,2,328,62,TRUE,TRUE,328,TRUE,sia
CE,2022,3,370,62,TRUE,TRUE,370,TRUE,sia
CE,2022,4,423,62,TRUE,TRUE,423,TRUE,sia
CE,2023,1,481,62,TRUE,TRUE,481,TRUE,sia
CE,2023,2,510,62,TRUE,TRUE,510,TRUE,sia
CE,2023,3,478,62,TRUE,TRUE,478,TRUE,sia
CE,2023,4,617,62,TRUE,TRUE,617,TRUE,sia
CE,2024,1,642,62,TRUE,TRUE,642,TRUE,sia
CE,2024,2,737,62,TRUE,TRUE,737,TRUE,sia
CE,2024,3,843,62,TRUE,TRUE,843,TRUE,sia
CE,2024,4,958,62,TRUE,TRUE,958,TRUE,sia
CE,2025,1,1057,62,TRUE,TRUE,1057,TRUE,sia
CE,2025,2,1096,62,TRUE,TRUE,1096,TRUE,sia
CE,2025,3,804,62,TRUE,TRUE,804,TRUE,sia
CE,2025,4,758,62,TRUE,TRUE,758,TRUE,sia
DF,2020,1,26,62,TRUE,TRUE,26,TRUE,sia
DF,2020,2,40,62,TRUE,TRUE,40,TRUE,sia
DF,2020,3,68,62,TRUE,TRUE,68,TRUE,sia
DF,2020,4,77,62,TRUE,TRUE,77,TRUE,sia
DF,2021,1,93,62,TRUE,TRUE,93,TRUE,sia
DF,2021,2,95,62,TRUE,TRUE,95,TRUE,sia
DF,2021,3,129,62,TRUE,TRUE,129,TRUE,sia
DF,2021,4,172,62,TRUE,TRUE,172,TRUE,sia
DF,2022,1,205,62,TRUE,TRUE,205,TRUE,sia
DF,2022,2,204,62,TRUE,TRUE,204,TRUE,sia
DF,2022,3,213,62,TRUE,TRUE,213,TRUE,sia
DF,2022,4,234,62,TRUE,TRUE,234,TRUE,sia
DF,2023,1,242,62,TRUE,TRUE,242,TRUE,sia
DF,2023,2,247,62,TRUE,TRUE,247,TRUE,sia
DF,2023,3,250,62,TRUE,TRUE,250,TRUE,sia
DF,2023,4,260,62,TRUE,TRUE,260,TRUE,sia
DF,2024,1,305,62,TRUE,TRUE,305,TRUE,sia
DF,2024,2,310,62,TRUE,TRUE,310,TRUE,sia
DF,2024,3,304,62,TRUE,TRUE,304,TRUE,sia
DF,2024,4,350,62,TRUE,TRUE,350,TRUE,sia
DF,2025,1,369,62,TRUE,TRUE,369,TRUE,sia
DF,2025,2,403,62,TRUE,TRUE,403,TRUE,sia
DF,2025,3,426,62,TRUE,TRUE,426,TRUE,sia
DF,2025,4,301,62,TRUE,TRUE,301,TRUE,sia
ES,2020,1,17,62,TRUE,TRUE,17,TRUE,sia
ES,2020,2,19,62,TRUE,TRUE,19,TRUE,sia
ES,2020,3,27,62,TRUE,TRUE,27,TRUE,sia
ES,2020,4,38,62,TRUE,TRUE,38,TRUE,sia
ES,2021,1,55,62,TRUE,TRUE,55,TRUE,sia
ES,2021,2,66,62,TRUE,TRUE,66,TRUE,sia
ES,2021,3,82,62,TRUE,TRUE,82,TRUE,sia
ES,2021,4,86,62,TRUE,TRUE,86,TRUE,sia
ES,2022,1,100,62,TRUE,TRUE,100,TRUE,sia
ES,2022,2,101,62,TRUE,TRUE,101,TRUE,sia
ES,2022,3,121,62,TRUE,TRUE,121,TRUE,sia
ES,2022,4,118,62,TRUE,TRUE,118,TRUE,sia
ES,2023,1,129,62,TRUE,TRUE,129,TRUE,sia
ES,2023,2,145,62,TRUE,TRUE,145,TRUE,sia
ES,2023,3,159,62,TRUE,TRUE,159,TRUE,sia
ES,2023,4,169,62,TRUE,TRUE,169,TRUE,sia
ES,2024,1,204,62,TRUE,TRUE,204,TRUE,sia
ES,2024,2,208,62,TRUE,TRUE,208,TRUE,sia
ES,2024,3,257,62,TRUE,TRUE,257,TRUE,sia
ES,2024,4,292,62,TRUE,TRUE,292,TRUE,sia
ES,2025,1,307,62,TRUE,TRUE,307,TRUE,sia
ES,2025,2,321,62,TRUE,TRUE,321,TRUE,sia
ES,2025,3,308,62,TRUE,TRUE,308,TRUE,sia
ES,2025,4,247,62,TRUE,TRUE,247,TRUE,sia
GO,2020,1,37,62,TRUE,TRUE,37,TRUE,sia
GO,2020,2,71,62,TRUE,TRUE,71,TRUE,sia
GO,2020,3,80,62,TRUE,TRUE,80,TRUE,sia
GO,2020,4,93,62,TRUE,TRUE,93,TRUE,sia
GO,2021,1,91,62,TRUE,TRUE,91,TRUE,sia
GO,2021,2,41,62,TRUE,TRUE,41,TRUE,sia
GO,2021,3,48,62,TRUE,TRUE,48,TRUE,sia
GO,2021,4,67,62,TRUE,TRUE,67,TRUE,sia
GO,2022,1,83,62,TRUE,TRUE,83,TRUE,sia
GO,2022,2,124,62,TRUE,TRUE,124,TRUE,sia
GO,2022,3,148,62,TRUE,TRUE,148,TRUE,sia
GO,2022,4,164,62,TRUE,TRUE,164,TRUE,sia
GO,2023,1,180,62,TRUE,TRUE,180,TRUE,sia
GO,2023,2,186,62,TRUE,TRUE,186,TRUE,sia
GO,2023,3,221,62,TRUE,TRUE,221,TRUE,sia
GO,2023,4,272,62,TRUE,TRUE,272,TRUE,sia
GO,2024,1,260,62,TRUE,TRUE,260,TRUE,sia
GO,2024,2,351,62,TRUE,TRUE,351,TRUE,sia
GO,2024,3,327,62,TRUE,TRUE,327,TRUE,sia
GO,2024,4,321,62,TRUE,TRUE,321,TRUE,sia
GO,2025,1,335,62,TRUE,TRUE,335,TRUE,sia
GO,2025,2,361,62,TRUE,TRUE,361,TRUE,sia
GO,2025,3,365,62,TRUE,TRUE,365,TRUE,sia
GO,2025,4,249,62,TRUE,TRUE,249,TRUE,sia
MA,2020,1,3,62,TRUE,TRUE,3,TRUE,sia
MA,2020,2,3,62,TRUE,TRUE,3,TRUE,sia
MA,2020,3,15,62,TRUE,TRUE,15,TRUE,sia
MA,2020,4,15,62,TRUE,TRUE,15,TRUE,sia
MA,2021,1,15,62,TRUE,TRUE,15,TRUE,sia
MA,2021,2,17,62,TRUE,TRUE,17,TRUE,sia
MA,2021,3,20,62,TRUE,TRUE,20,TRUE,sia
MA,2021,4,24,62,TRUE,TRUE,24,TRUE,sia
MA,2022,1,24,62,TRUE,TRUE,24,TRUE,sia
MA,2022,2,34,62,TRUE,TRUE,34,TRUE,sia
MA,2022,3,45,62,TRUE,TRUE,45,TRUE,sia
MA,2022,4,57,62,TRUE,TRUE,57,TRUE,sia
MA,2023,1,59,62,TRUE,TRUE,59,TRUE,sia
MA,2023,2,29,62,TRUE,TRUE,29,TRUE,sia
MA,2023,3,90,62,TRUE,TRUE,90,TRUE,sia
MA,2023,4,85,62,TRUE,TRUE,85,TRUE,sia
MA,2024,1,87,62,TRUE,TRUE,87,TRUE,sia
MA,2024,2,49,62,TRUE,TRUE,49,TRUE,sia
MA,2024,3,80,62,TRUE,TRUE,80,TRUE,sia
MA,2024,4,130,62,TRUE,TRUE,130,TRUE,sia
MA,2025,1,127,62,TRUE,TRUE,127,TRUE,sia
MA,2025,2,126,62,TRUE,TRUE,126,TRUE,sia
MA,2025,3,157,62,TRUE,TRUE,157,TRUE,sia
MA,2025,4,117,62,TRUE,TRUE,117,TRUE,sia
MT,2020,1,0,62,TRUE,TRUE,NA,TRUE,sia
MT,2020,2,0,62,TRUE,TRUE,NA,TRUE,sia
MT,2020,3,4,62,TRUE,TRUE,4,TRUE,sia
MT,2020,4,11,62,TRUE,TRUE,11,TRUE,sia
MT,2021,1,14,62,TRUE,TRUE,14,TRUE,sia
MT,2021,2,12,62,TRUE,TRUE,12,TRUE,sia
MT,2021,3,26,62,TRUE,TRUE,26,TRUE,sia
MT,2021,4,26,62,TRUE,TRUE,26,TRUE,sia
MT,2022,1,31,62,TRUE,TRUE,31,TRUE,sia
MT,2022,2,43,62,TRUE,TRUE,43,TRUE,sia
MT,2022,3,50,62,TRUE,TRUE,50,TRUE,sia
MT,2022,4,54,62,TRUE,TRUE,54,TRUE,sia
MT,2023,1,60,62,TRUE,TRUE,60,TRUE,sia
MT,2023,2,82,62,TRUE,TRUE,82,TRUE,sia
MT,2023,3,94,62,TRUE,TRUE,94,TRUE,sia
MT,2023,4,118,62,TRUE,TRUE,118,TRUE,sia
MT,2024,1,156,62,TRUE,TRUE,156,TRUE,sia
MT,2024,2,132,62,TRUE,TRUE,132,TRUE,sia
MT,2024,3,121,62,TRUE,TRUE,121,TRUE,sia
MT,2024,4,179,62,TRUE,TRUE,179,TRUE,sia
MT,2025,1,170,62,TRUE,TRUE,170,TRUE,sia
MT,2025,2,191,62,TRUE,TRUE,191,TRUE,sia
MT,2025,3,193,62,TRUE,TRUE,193,TRUE,sia
MT,2025,4,132,62,TRUE,TRUE,132,TRUE,sia
MS,2020,1,7,62,TRUE,TRUE,7,TRUE,sia
MS,2020,2,15,62,TRUE,TRUE,15,TRUE,sia
MS,2020,3,24,62,TRUE,TRUE,24,TRUE,sia
MS,2020,4,31,62,TRUE,TRUE,31,TRUE,sia
MS,2021,1,32,62,TRUE,TRUE,32,TRUE,sia
MS,2021,2,41,62,TRUE,TRUE,41,TRUE,sia
MS,2021,3,43,62,TRUE,TRUE,43,TRUE,sia
MS,2021,4,42,62,TRUE,TRUE,42,TRUE,sia
MS,2022,1,29,62,TRUE,TRUE,29,TRUE,sia
MS,2022,2,44,62,TRUE,TRUE,44,TRUE,sia
MS,2022,3,54,62,TRUE,TRUE,54,TRUE,sia
MS,2022,4,52,62,TRUE,TRUE,52,TRUE,sia
MS,2023,1,71,62,TRUE,TRUE,71,TRUE,sia
MS,2023,2,83,62,TRUE,TRUE,83,TRUE,sia
MS,2023,3,83,62,TRUE,TRUE,83,TRUE,sia
MS,2023,4,82,62,TRUE,TRUE,82,TRUE,sia
MS,2024,1,90,62,TRUE,TRUE,90,TRUE,sia
MS,2024,2,92,62,TRUE,TRUE,92,TRUE,sia
MS,2024,3,103,62,TRUE,TRUE,103,TRUE,sia
MS,2024,4,110,62,TRUE,TRUE,110,TRUE,sia
MS,2025,1,103,62,TRUE,TRUE,103,TRUE,sia
MS,2025,2,124,62,TRUE,TRUE,124,TRUE,sia
MS,2025,3,130,62,TRUE,TRUE,130,TRUE,sia
MS,2025,4,80,62,TRUE,TRUE,80,TRUE,sia
MG,2020,1,33,62,TRUE,TRUE,33,TRUE,sia
MG,2020,2,21,62,TRUE,TRUE,21,TRUE,sia
MG,2020,3,45,62,TRUE,TRUE,45,TRUE,sia
MG,2020,4,99,62,TRUE,TRUE,99,TRUE,sia
MG,2021,1,133,62,TRUE,TRUE,133,TRUE,sia
MG,2021,2,127,62,TRUE,TRUE,127,TRUE,sia
MG,2021,3,215,62,TRUE,TRUE,215,TRUE,sia
MG,2021,4,251,62,TRUE,TRUE,251,TRUE,sia
MG,2022,1,288,62,TRUE,TRUE,288,TRUE,sia
MG,2022,2,326,62,TRUE,TRUE,326,TRUE,sia
MG,2022,3,354,62,TRUE,TRUE,354,TRUE,sia
MG,2022,4,407,62,TRUE,TRUE,407,TRUE,sia
MG,2023,1,461,62,TRUE,TRUE,461,TRUE,sia
MG,2023,2,493,62,TRUE,TRUE,493,TRUE,sia
MG,2023,3,540,62,TRUE,TRUE,540,TRUE,sia
MG,2023,4,531,62,TRUE,TRUE,531,TRUE,sia
MG,2024,1,533,62,TRUE,TRUE,533,TRUE,sia
MG,2024,2,648,62,TRUE,TRUE,648,TRUE,sia
MG,2024,3,693,62,TRUE,TRUE,693,TRUE,sia
MG,2024,4,734,62,TRUE,TRUE,734,TRUE,sia
MG,2025,1,846,62,TRUE,TRUE,846,TRUE,sia
MG,2025,2,765,62,TRUE,TRUE,765,TRUE,sia
MG,2025,3,979,62,TRUE,TRUE,979,TRUE,sia
MG,2025,4,674,62,TRUE,TRUE,674,TRUE,sia
PA,2020,1,0,62,TRUE,TRUE,NA,TRUE,sia
PA,2020,2,1,62,TRUE,TRUE,1,TRUE,sia
PA,2020,3,6,62,TRUE,TRUE,6,TRUE,sia
PA,2020,4,11,62,TRUE,TRUE,11,TRUE,sia
PA,2021,1,55,62,TRUE,TRUE,55,TRUE,sia
PA,2021,2,21,62,TRUE,TRUE,21,TRUE,sia
PA,2021,3,36,62,TRUE,TRUE,36,TRUE,sia
PA,2021,4,51,62,TRUE,TRUE,51,TRUE,sia
PA,2022,1,97,62,TRUE,TRUE,97,TRUE,sia
PA,2022,2,47,62,TRUE,TRUE,47,TRUE,sia
PA,2022,3,63,62,TRUE,TRUE,63,TRUE,sia
PA,2022,4,84,62,TRUE,TRUE,84,TRUE,sia
PA,2023,1,31,62,TRUE,TRUE,31,TRUE,sia
PA,2023,2,66,62,TRUE,TRUE,66,TRUE,sia
PA,2023,3,86,62,TRUE,TRUE,86,TRUE,sia
PA,2023,4,110,62,TRUE,TRUE,110,TRUE,sia
PA,2024,1,129,62,TRUE,TRUE,129,TRUE,sia
PA,2024,2,158,62,TRUE,TRUE,158,TRUE,sia
PA,2024,3,124,62,TRUE,TRUE,124,TRUE,sia
PA,2024,4,151,62,TRUE,TRUE,151,TRUE,sia
PA,2025,1,179,62,TRUE,TRUE,179,TRUE,sia
PA,2025,2,168,62,TRUE,TRUE,168,TRUE,sia
PA,2025,3,240,62,TRUE,TRUE,240,TRUE,sia
PA,2025,4,182,62,TRUE,TRUE,182,TRUE,sia
PB,2020,1,1,62,TRUE,TRUE,1,TRUE,sia
PB,2020,2,4,62,TRUE,TRUE,4,TRUE,sia
PB,2020,3,3,62,TRUE,TRUE,3,TRUE,sia
PB,2020,4,17,62,TRUE,TRUE,17,TRUE,sia
PB,2021,1,20,62,TRUE,TRUE,20,TRUE,sia
PB,2021,2,23,62,TRUE,TRUE,23,TRUE,sia
PB,2021,3,40,62,TRUE,TRUE,40,TRUE,sia
PB,2021,4,62,62,TRUE,TRUE,62,TRUE,sia
PB,2022,1,73,62,TRUE,TRUE,73,TRUE,sia
PB,2022,2,76,62,TRUE,TRUE,76,TRUE,sia
PB,2022,3,80,62,TRUE,TRUE,80,TRUE,sia
PB,2022,4,90,62,TRUE,TRUE,90,TRUE,sia
PB,2023,1,94,62,TRUE,TRUE,94,TRUE,sia
PB,2023,2,104,62,TRUE,TRUE,104,TRUE,sia
PB,2023,3,127,62,TRUE,TRUE,127,TRUE,sia
PB,2023,4,146,62,TRUE,TRUE,146,TRUE,sia
PB,2024,1,158,62,TRUE,TRUE,158,TRUE,sia
PB,2024,2,183,62,TRUE,TRUE,183,TRUE,sia
PB,2024,3,213,62,TRUE,TRUE,213,TRUE,sia
PB,2024,4,274,62,TRUE,TRUE,274,TRUE,sia
PB,2025,1,314,62,TRUE,TRUE,314,TRUE,sia
PB,2025,2,333,62,TRUE,TRUE,333,TRUE,sia
PB,2025,3,353,62,TRUE,TRUE,353,TRUE,sia
PB,2025,4,236,62,TRUE,TRUE,236,TRUE,sia
PR,2020,1,25,62,TRUE,TRUE,25,TRUE,sia
PR,2020,2,84,62,TRUE,TRUE,84,TRUE,sia
PR,2020,3,112,62,TRUE,TRUE,112,TRUE,sia
PR,2020,4,159,62,TRUE,TRUE,159,TRUE,sia
PR,2021,1,209,62,TRUE,TRUE,209,TRUE,sia
PR,2021,2,262,62,TRUE,TRUE,262,TRUE,sia
PR,2021,3,313,62,TRUE,TRUE,313,TRUE,sia
PR,2021,4,376,62,TRUE,TRUE,376,TRUE,sia
PR,2022,1,372,62,TRUE,TRUE,372,TRUE,sia
PR,2022,2,413,62,TRUE,TRUE,413,TRUE,sia
PR,2022,3,425,62,TRUE,TRUE,425,TRUE,sia
PR,2022,4,476,62,TRUE,TRUE,476,TRUE,sia
PR,2023,1,499,62,TRUE,TRUE,499,TRUE,sia
PR,2023,2,607,62,TRUE,TRUE,607,TRUE,sia
PR,2023,3,717,62,TRUE,TRUE,717,TRUE,sia
PR,2023,4,809,62,TRUE,TRUE,809,TRUE,sia
PR,2024,1,845,62,TRUE,TRUE,845,TRUE,sia
PR,2024,2,907,62,TRUE,TRUE,907,TRUE,sia
PR,2024,3,1345,62,TRUE,TRUE,1345,TRUE,sia
PR,2024,4,1507,62,TRUE,TRUE,1507,TRUE,sia
PR,2025,1,1313,62,TRUE,TRUE,1313,TRUE,sia
PR,2025,2,1315,62,TRUE,TRUE,1315,TRUE,sia
PR,2025,3,1565,62,TRUE,TRUE,1565,TRUE,sia
PR,2025,4,1115,62,TRUE,TRUE,1115,TRUE,sia
PE,2020,1,1,62,TRUE,TRUE,1,TRUE,sia
PE,2020,2,0,62,TRUE,TRUE,NA,TRUE,sia
PE,2020,3,6,62,TRUE,TRUE,6,TRUE,sia
PE,2020,4,25,62,TRUE,TRUE,25,TRUE,sia
PE,2021,1,39,62,TRUE,TRUE,39,TRUE,sia
PE,2021,2,62,62,TRUE,TRUE,62,TRUE,sia
PE,2021,3,76,62,TRUE,TRUE,76,TRUE,sia
PE,2021,4,91,62,TRUE,TRUE,91,TRUE,sia
PE,2022,1,100,62,TRUE,TRUE,100,TRUE,sia
PE,2022,2,96,62,TRUE,TRUE,96,TRUE,sia
PE,2022,3,101,62,TRUE,TRUE,101,TRUE,sia
PE,2022,4,124,62,TRUE,TRUE,124,TRUE,sia
PE,2023,1,141,62,TRUE,TRUE,141,TRUE,sia
PE,2023,2,163,62,TRUE,TRUE,163,TRUE,sia
PE,2023,3,204,62,TRUE,TRUE,204,TRUE,sia
PE,2023,4,206,62,TRUE,TRUE,206,TRUE,sia
PE,2024,1,203,62,TRUE,TRUE,203,TRUE,sia
PE,2024,2,239,62,TRUE,TRUE,239,TRUE,sia
PE,2024,3,305,62,TRUE,TRUE,305,TRUE,sia
PE,2024,4,380,62,TRUE,TRUE,380,TRUE,sia
PE,2025,1,388,62,TRUE,TRUE,388,TRUE,sia
PE,2025,2,514,62,TRUE,TRUE,514,TRUE,sia
PE,2025,3,604,62,TRUE,TRUE,604,TRUE,sia
PE,2025,4,468,62,TRUE,TRUE,468,TRUE,sia
PI,2020,1,1,62,TRUE,TRUE,1,TRUE,sia
PI,2020,2,3,62,TRUE,TRUE,3,TRUE,sia
PI,2020,3,7,62,TRUE,TRUE,7,TRUE,sia
PI,2020,4,9,62,TRUE,TRUE,9,TRUE,sia
PI,2021,1,12,62,TRUE,TRUE,12,TRUE,sia
PI,2021,2,15,62,TRUE,TRUE,15,TRUE,sia
PI,2021,3,17,62,TRUE,TRUE,17,TRUE,sia
PI,2021,4,12,62,TRUE,TRUE,12,TRUE,sia
PI,2022,1,10,62,TRUE,TRUE,10,TRUE,sia
PI,2022,2,20,62,TRUE,TRUE,20,TRUE,sia
PI,2022,3,28,62,TRUE,TRUE,28,TRUE,sia
PI,2022,4,34,62,TRUE,TRUE,34,TRUE,sia
PI,2023,1,42,62,TRUE,TRUE,42,TRUE,sia
PI,2023,2,39,62,TRUE,TRUE,39,TRUE,sia
PI,2023,3,40,62,TRUE,TRUE,40,TRUE,sia
PI,2023,4,56,62,TRUE,TRUE,56,TRUE,sia
PI,2024,1,47,62,TRUE,TRUE,47,TRUE,sia
PI,2024,2,52,62,TRUE,TRUE,52,TRUE,sia
PI,2024,3,53,62,TRUE,TRUE,53,TRUE,sia
PI,2024,4,71,62,TRUE,TRUE,71,TRUE,sia
PI,2025,1,73,62,TRUE,TRUE,73,TRUE,sia
PI,2025,2,83,62,TRUE,TRUE,83,TRUE,sia
PI,2025,3,93,62,TRUE,TRUE,93,TRUE,sia
PI,2025,4,84,62,TRUE,TRUE,84,TRUE,sia
RJ,2020,1,5,62,TRUE,TRUE,5,TRUE,sia
RJ,2020,2,14,62,TRUE,TRUE,14,TRUE,sia
RJ,2020,3,48,62,TRUE,TRUE,48,TRUE,sia
RJ,2020,4,70,62,TRUE,TRUE,70,TRUE,sia
RJ,2021,1,117,62,TRUE,TRUE,117,TRUE,sia
RJ,2021,2,93,62,TRUE,TRUE,93,TRUE,sia
RJ,2021,3,25,62,TRUE,TRUE,25,TRUE,sia
RJ,2021,4,343,62,TRUE,TRUE,343,TRUE,sia
RJ,2022,1,260,62,TRUE,TRUE,260,TRUE,sia
RJ,2022,2,292,62,TRUE,TRUE,292,TRUE,sia
RJ,2022,3,335,62,TRUE,TRUE,335,TRUE,sia
RJ,2022,4,346,62,TRUE,TRUE,346,TRUE,sia
RJ,2023,1,409,62,TRUE,TRUE,409,TRUE,sia
RJ,2023,2,511,62,TRUE,TRUE,511,TRUE,sia
RJ,2023,3,530,62,TRUE,TRUE,530,TRUE,sia
RJ,2023,4,577,62,TRUE,TRUE,577,TRUE,sia
RJ,2024,1,669,62,TRUE,TRUE,669,TRUE,sia
RJ,2024,2,776,62,TRUE,TRUE,776,TRUE,sia
RJ,2024,3,1082,62,TRUE,TRUE,1082,TRUE,sia
RJ,2024,4,1260,62,TRUE,TRUE,1260,TRUE,sia
RJ,2025,1,1364,62,TRUE,TRUE,1364,TRUE,sia
RJ,2025,2,1358,62,TRUE,TRUE,1358,TRUE,sia
RJ,2025,3,1326,62,TRUE,TRUE,1326,TRUE,sia
RJ,2025,4,973,62,TRUE,TRUE,973,TRUE,sia
RN,2020,1,4,62,TRUE,TRUE,4,TRUE,sia
RN,2020,2,8,62,TRUE,TRUE,8,TRUE,sia
RN,2020,3,10,62,TRUE,TRUE,10,TRUE,sia
RN,2020,4,12,62,TRUE,TRUE,12,TRUE,sia
RN,2021,1,15,62,TRUE,TRUE,15,TRUE,sia
RN,2021,2,19,62,TRUE,TRUE,19,TRUE,sia
RN,2021,3,29,62,TRUE,TRUE,29,TRUE,sia
RN,2021,4,36,62,TRUE,TRUE,36,TRUE,sia
RN,2022,1,36,62,TRUE,TRUE,36,TRUE,sia
RN,2022,2,41,62,TRUE,TRUE,41,TRUE,sia
RN,2022,3,50,62,TRUE,TRUE,50,TRUE,sia
RN,2022,4,38,62,TRUE,TRUE,38,TRUE,sia
RN,2023,1,30,62,TRUE,TRUE,30,TRUE,sia
RN,2023,2,132,62,TRUE,TRUE,132,TRUE,sia
RN,2023,3,161,62,TRUE,TRUE,161,TRUE,sia
RN,2023,4,180,62,TRUE,TRUE,180,TRUE,sia
RN,2024,1,196,62,TRUE,TRUE,196,TRUE,sia
RN,2024,2,215,62,TRUE,TRUE,215,TRUE,sia
RN,2024,3,213,62,TRUE,TRUE,213,TRUE,sia
RN,2024,4,244,62,TRUE,TRUE,244,TRUE,sia
RN,2025,1,267,62,TRUE,TRUE,267,TRUE,sia
RN,2025,2,272,62,TRUE,TRUE,272,TRUE,sia
RN,2025,3,267,62,TRUE,TRUE,267,TRUE,sia
RN,2025,4,102,62,TRUE,TRUE,102,TRUE,sia
RS,2020,1,65,62,TRUE,TRUE,65,TRUE,sia
RS,2020,2,63,62,TRUE,TRUE,63,TRUE,sia
RS,2020,3,81,62,TRUE,TRUE,81,TRUE,sia
RS,2020,4,79,62,TRUE,TRUE,79,TRUE,sia
RS,2021,1,92,62,TRUE,TRUE,92,TRUE,sia
RS,2021,2,79,62,TRUE,TRUE,79,TRUE,sia
RS,2021,3,139,62,TRUE,TRUE,139,TRUE,sia
RS,2021,4,157,62,TRUE,TRUE,157,TRUE,sia
RS,2022,1,170,62,TRUE,TRUE,170,TRUE,sia
RS,2022,2,122,62,TRUE,TRUE,122,TRUE,sia
RS,2022,3,258,62,TRUE,TRUE,258,TRUE,sia
RS,2022,4,208,62,TRUE,TRUE,208,TRUE,sia
RS,2023,1,224,62,TRUE,TRUE,224,TRUE,sia
RS,2023,2,207,62,TRUE,TRUE,207,TRUE,sia
RS,2023,3,262,62,TRUE,TRUE,262,TRUE,sia
RS,2023,4,315,62,TRUE,TRUE,315,TRUE,sia
RS,2024,1,357,62,TRUE,TRUE,357,TRUE,sia
RS,2024,2,281,62,TRUE,TRUE,281,TRUE,sia
RS,2024,3,397,62,TRUE,TRUE,397,TRUE,sia
RS,2024,4,407,62,TRUE,TRUE,407,TRUE,sia
RS,2025,1,412,62,TRUE,TRUE,412,TRUE,sia
RS,2025,2,494,62,TRUE,TRUE,494,TRUE,sia
RS,2025,3,594,62,TRUE,TRUE,594,TRUE,sia
RS,2025,4,387,62,TRUE,TRUE,387,TRUE,sia
RO,2020,1,0,62,TRUE,TRUE,NA,TRUE,sia
RO,2020,2,1,62,TRUE,TRUE,1,TRUE,sia
RO,2020,3,0,62,TRUE,TRUE,NA,TRUE,sia
RO,2020,4,5,62,TRUE,TRUE,5,TRUE,sia
RO,2021,1,1,62,TRUE,TRUE,1,TRUE,sia
RO,2021,2,1,62,TRUE,TRUE,1,TRUE,sia
RO,2021,3,4,62,TRUE,TRUE,4,TRUE,sia
RO,2021,4,8,62,TRUE,TRUE,8,TRUE,sia
RO,2022,1,3,62,TRUE,TRUE,3,TRUE,sia
RO,2022,2,0,62,TRUE,TRUE,NA,TRUE,sia
RO,2022,3,3,62,TRUE,TRUE,3,TRUE,sia
RO,2022,4,0,62,TRUE,TRUE,NA,TRUE,sia
RO,2023,1,0,62,TRUE,TRUE,NA,TRUE,sia
RO,2023,2,3,62,TRUE,TRUE,3,TRUE,sia
RO,2023,3,3,62,TRUE,TRUE,3,TRUE,sia
RO,2023,4,7,62,TRUE,TRUE,7,TRUE,sia
RO,2024,1,11,62,TRUE,TRUE,11,TRUE,sia
RO,2024,2,14,62,TRUE,TRUE,14,TRUE,sia
RO,2024,3,12,62,TRUE,TRUE,12,TRUE,sia
RO,2024,4,10,62,TRUE,TRUE,10,TRUE,sia
RO,2025,1,11,62,TRUE,TRUE,11,TRUE,sia
RO,2025,2,23,62,TRUE,TRUE,23,TRUE,sia
RO,2025,3,11,62,TRUE,TRUE,11,TRUE,sia
RO,2025,4,4,62,TRUE,TRUE,4,TRUE,sia
RR,2020,1,0,62,TRUE,TRUE,NA,TRUE,sia
RR,2020,2,0,62,TRUE,TRUE,NA,TRUE,sia
RR,2020,3,0,62,TRUE,TRUE,NA,TRUE,sia
RR,2020,4,0,62,TRUE,TRUE,NA,TRUE,sia
RR,2021,1,0,62,TRUE,TRUE,NA,TRUE,sia
RR,2021,2,0,62,TRUE,TRUE,NA,TRUE,sia
RR,2021,3,0,62,TRUE,TRUE,NA,TRUE,sia
RR,2021,4,0,62,TRUE,TRUE,NA,TRUE,sia
RR,2022,1,2,62,TRUE,TRUE,2,TRUE,sia
RR,2022,2,3,62,TRUE,TRUE,3,TRUE,sia
RR,2022,3,3,62,TRUE,TRUE,3,TRUE,sia
RR,2022,4,3,62,TRUE,TRUE,3,TRUE,sia
RR,2023,1,5,62,TRUE,TRUE,5,TRUE,sia
RR,2023,2,5,62,TRUE,TRUE,5,TRUE,sia
RR,2023,3,3,62,TRUE,TRUE,3,TRUE,sia
RR,2023,4,2,62,TRUE,TRUE,2,TRUE,sia
RR,2024,1,3,62,TRUE,TRUE,3,TRUE,sia
RR,2024,2,9,62,TRUE,TRUE,9,TRUE,sia
RR,2024,3,11,62,TRUE,TRUE,11,TRUE,sia
RR,2024,4,7,62,TRUE,TRUE,7,TRUE,sia
RR,2025,1,9,62,TRUE,TRUE,9,TRUE,sia
RR,2025,2,8,62,TRUE,TRUE,8,TRUE,sia
RR,2025,3,9,62,TRUE,TRUE,9,TRUE,sia
RR,2025,4,8,62,TRUE,TRUE,8,TRUE,sia
SC,2020,1,48,62,TRUE,TRUE,48,TRUE,sia
SC,2020,2,45,62,TRUE,TRUE,45,TRUE,sia
SC,2020,3,55,62,TRUE,TRUE,55,TRUE,sia
SC,2020,4,78,62,TRUE,TRUE,78,TRUE,sia
SC,2021,1,114,62,TRUE,TRUE,114,TRUE,sia
SC,2021,2,130,62,TRUE,TRUE,130,TRUE,sia
SC,2021,3,146,62,TRUE,TRUE,146,TRUE,sia
SC,2021,4,247,62,TRUE,TRUE,247,TRUE,sia
SC,2022,1,230,62,TRUE,TRUE,230,TRUE,sia
SC,2022,2,265,62,TRUE,TRUE,265,TRUE,sia
SC,2022,3,311,62,TRUE,TRUE,311,TRUE,sia
SC,2022,4,314,62,TRUE,TRUE,314,TRUE,sia
SC,2023,1,387,62,TRUE,TRUE,387,TRUE,sia
SC,2023,2,365,62,TRUE,TRUE,365,TRUE,sia
SC,2023,3,388,62,TRUE,TRUE,388,TRUE,sia
SC,2023,4,471,62,TRUE,TRUE,471,TRUE,sia
SC,2024,1,519,62,TRUE,TRUE,519,TRUE,sia
SC,2024,2,510,62,TRUE,TRUE,510,TRUE,sia
SC,2024,3,544,62,TRUE,TRUE,544,TRUE,sia
SC,2024,4,592,62,TRUE,TRUE,592,TRUE,sia
SC,2025,1,642,62,TRUE,TRUE,642,TRUE,sia
SC,2025,2,670,62,TRUE,TRUE,670,TRUE,sia
SC,2025,3,734,62,TRUE,TRUE,734,TRUE,sia
SC,2025,4,524,62,TRUE,TRUE,524,TRUE,sia
SP,2020,1,137,62,TRUE,TRUE,137,TRUE,sia
SP,2020,2,258,62,TRUE,TRUE,258,TRUE,sia
SP,2020,3,508,62,TRUE,TRUE,508,TRUE,sia
SP,2020,4,782,62,TRUE,TRUE,782,TRUE,sia
SP,2021,1,996,62,TRUE,TRUE,996,TRUE,sia
SP,2021,2,1054,62,TRUE,TRUE,1054,TRUE,sia
SP,2021,3,1242,62,TRUE,TRUE,1242,TRUE,sia
SP,2021,4,1337,62,TRUE,TRUE,1337,TRUE,sia
SP,2022,1,1380,62,TRUE,TRUE,1380,TRUE,sia
SP,2022,2,1695,62,TRUE,TRUE,1695,TRUE,sia
SP,2022,3,1865,62,TRUE,TRUE,1865,TRUE,sia
SP,2022,4,2137,62,TRUE,TRUE,2137,TRUE,sia
SP,2023,1,2113,62,TRUE,TRUE,2113,TRUE,sia
SP,2023,2,2556,62,TRUE,TRUE,2556,TRUE,sia
SP,2023,3,2697,62,TRUE,TRUE,2697,TRUE,sia
SP,2023,4,2767,62,TRUE,TRUE,2767,TRUE,sia
SP,2024,1,2877,62,TRUE,TRUE,2877,TRUE,sia
SP,2024,2,3194,62,TRUE,TRUE,3194,TRUE,sia
SP,2024,3,3522,62,TRUE,TRUE,3522,TRUE,sia
SP,2024,4,3822,62,TRUE,TRUE,3822,TRUE,sia
SP,2025,1,4032,62,TRUE,TRUE,4032,TRUE,sia
SP,2025,2,4399,62,TRUE,TRUE,4399,TRUE,sia
SP,2025,3,4911,62,TRUE,TRUE,4911,TRUE,sia
SP,2025,4,3588,62,TRUE,TRUE,3588,TRUE,sia
SE,2020,1,0,62,TRUE,TRUE,NA,TRUE,sia
SE,2020,2,6,62,TRUE,TRUE,6,TRUE,sia
SE,2020,3,6,62,TRUE,TRUE,6,TRUE,sia
SE,2020,4,6,62,TRUE,TRUE,6,TRUE,sia
SE,2021,1,7,62,TRUE,TRUE,7,TRUE,sia
SE,2021,2,10,62,TRUE,TRUE,10,TRUE,sia
SE,2021,3,17,62,TRUE,TRUE,17,TRUE,sia
SE,2021,4,25,62,TRUE,TRUE,25,TRUE,sia
SE,2022,1,24,62,TRUE,TRUE,24,TRUE,sia
SE,2022,2,39,62,TRUE,TRUE,39,TRUE,sia
SE,2022,3,41,62,TRUE,TRUE,41,TRUE,sia
SE,2022,4,42,62,TRUE,TRUE,42,TRUE,sia
SE,2023,1,52,62,TRUE,TRUE,52,TRUE,sia
SE,2023,2,51,62,TRUE,TRUE,51,TRUE,sia
SE,2023,3,65,62,TRUE,TRUE,65,TRUE,sia
SE,2023,4,82,62,TRUE,TRUE,82,TRUE,sia
SE,2024,1,89,62,TRUE,TRUE,89,TRUE,sia
SE,2024,2,101,62,TRUE,TRUE,101,TRUE,sia
SE,2024,3,110,62,TRUE,TRUE,110,TRUE,sia
SE,2024,4,131,62,TRUE,TRUE,131,TRUE,sia
SE,2025,1,154,62,TRUE,TRUE,154,TRUE,sia
SE,2025,2,158,62,TRUE,TRUE,158,TRUE,sia
SE,2025,3,172,62,TRUE,TRUE,172,TRUE,sia
SE,2025,4,105,62,TRUE,TRUE,105,TRUE,sia
TO,2020,1,1,62,TRUE,TRUE,1,TRUE,sia
TO,2020,2,3,62,TRUE,TRUE,3,TRUE,sia
TO,2020,3,0,62,TRUE,TRUE,NA,TRUE,sia
TO,2020,4,8,62,TRUE,TRUE,8,TRUE,sia
TO,2021,1,7,62,TRUE,TRUE,7,TRUE,sia
TO,2021,2,7,62,TRUE,TRUE,7,TRUE,sia
TO,2021,3,9,62,TRUE,TRUE,9,TRUE,sia
TO,2021,4,10,62,TRUE,TRUE,10,TRUE,sia
TO,2022,1,12,62,TRUE,TRUE,12,TRUE,sia
TO,2022,2,10,62,TRUE,TRUE,10,TRUE,sia
TO,2022,3,11,62,TRUE,TRUE,11,TRUE,sia
TO,2022,4,18,62,TRUE,TRUE,18,TRUE,sia
TO,2023,1,14,62,TRUE,TRUE,14,TRUE,sia
TO,2023,2,26,62,TRUE,TRUE,26,TRUE,sia
TO,2023,3,24,62,TRUE,TRUE,24,TRUE,sia
TO,2023,4,25,62,TRUE,TRUE,25,TRUE,sia
TO,2024,1,19,62,TRUE,TRUE,19,TRUE,sia
TO,2024,2,18,62,TRUE,TRUE,18,TRUE,sia
TO,2024,3,26,62,TRUE,TRUE,26,TRUE,sia
TO,2024,4,27,62,TRUE,TRUE,27,TRUE,sia
TO,2025,1,26,62,TRUE,TRUE,26,TRUE,sia
TO,2025,2,20,62,TRUE,TRUE,20,TRUE,sia
TO,2025,3,27,62,TRUE,TRUE,27,TRUE,sia
TO,2025,4,15,62,TRUE,TRUE,15,TRUE,sia
AC,2020,1,0,113,TRUE,TRUE,NA,TRUE,sih
AC,2020,2,0,113,TRUE,TRUE,NA,TRUE,sih
AC,2020,3,0,113,TRUE,TRUE,NA,TRUE,sih
AC,2020,4,0,113,TRUE,TRUE,NA,TRUE,sih
AC,2021,1,0,113,TRUE,TRUE,NA,TRUE,sih
AC,2021,2,0,113,TRUE,TRUE,NA,TRUE,sih
AC,2021,3,0,113,TRUE,TRUE,NA,TRUE,sih
AC,2021,4,0,113,TRUE,TRUE,NA,TRUE,sih
AC,2022,1,0,113,TRUE,TRUE,NA,TRUE,sih
AC,2022,2,0,113,TRUE,TRUE,NA,TRUE,sih
AC,2022,3,0,113,TRUE,TRUE,NA,TRUE,sih
AC,2022,4,0,113,TRUE,TRUE,NA,TRUE,sih
AC,2023,1,0,113,TRUE,TRUE,NA,TRUE,sih
AC,2023,2,0,113,TRUE,TRUE,NA,TRUE,sih
AC,2023,3,0,113,TRUE,TRUE,NA,TRUE,sih
AC,2023,4,0,113,TRUE,TRUE,NA,TRUE,sih
AC,2024,1,0,113,TRUE,TRUE,NA,TRUE,sih
AC,2024,2,0,113,TRUE,TRUE,NA,TRUE,sih
AC,2024,3,0,113,TRUE,TRUE,NA,TRUE,sih
AC,2024,4,0,113,TRUE,TRUE,NA,TRUE,sih
AC,2025,1,0,114,TRUE,TRUE,NA,TRUE,sih
AC,2025,2,0,114,TRUE,TRUE,NA,TRUE,sih
AC,2025,3,1,114,TRUE,TRUE,1,TRUE,sih
AC,2025,4,0,114,TRUE,TRUE,NA,TRUE,sih
AL,2020,1,1,113,TRUE,TRUE,1,TRUE,sih
AL,2020,2,0,113,TRUE,TRUE,NA,TRUE,sih
AL,2020,3,0,113,TRUE,TRUE,NA,TRUE,sih
AL,2020,4,0,113,TRUE,TRUE,NA,TRUE,sih
AL,2021,1,0,113,TRUE,TRUE,NA,TRUE,sih
AL,2021,2,0,113,TRUE,TRUE,NA,TRUE,sih
AL,2021,3,0,113,TRUE,TRUE,NA,TRUE,sih
AL,2021,4,0,113,TRUE,TRUE,NA,TRUE,sih
AL,2022,1,0,113,TRUE,TRUE,NA,TRUE,sih
AL,2022,2,0,113,TRUE,TRUE,NA,TRUE,sih
AL,2022,3,0,113,TRUE,TRUE,NA,TRUE,sih
AL,2022,4,0,113,TRUE,TRUE,NA,TRUE,sih
AL,2023,1,0,113,TRUE,TRUE,NA,TRUE,sih
AL,2023,2,2,113,TRUE,TRUE,2,TRUE,sih
AL,2023,3,0,113,TRUE,TRUE,NA,TRUE,sih
AL,2023,4,2,113,TRUE,TRUE,2,TRUE,sih
AL,2024,1,1,113,TRUE,TRUE,1,TRUE,sih
AL,2024,2,0,113,TRUE,TRUE,NA,TRUE,sih
AL,2024,3,0,113,TRUE,TRUE,NA,TRUE,sih
AL,2024,4,1,113,TRUE,TRUE,1,TRUE,sih
AL,2025,1,2,114,TRUE,TRUE,2,TRUE,sih
AL,2025,2,0,114,TRUE,TRUE,NA,TRUE,sih
AL,2025,3,1,114,TRUE,TRUE,1,TRUE,sih
AL,2025,4,0,114,TRUE,TRUE,NA,TRUE,sih
AP,2020,1,0,113,TRUE,TRUE,NA,TRUE,sih
AP,2020,2,0,113,TRUE,TRUE,NA,TRUE,sih
AP,2020,3,0,113,TRUE,TRUE,NA,TRUE,sih
AP,2020,4,0,113,TRUE,TRUE,NA,TRUE,sih
AP,2021,1,0,113,TRUE,TRUE,NA,TRUE,sih
AP,2021,2,0,113,TRUE,TRUE,NA,TRUE,sih
AP,2021,3,0,113,TRUE,TRUE,NA,TRUE,sih
AP,2021,4,0,113,TRUE,TRUE,NA,TRUE,sih
AP,2022,1,0,113,TRUE,TRUE,NA,TRUE,sih
AP,2022,2,0,113,TRUE,TRUE,NA,TRUE,sih
AP,2022,3,0,113,TRUE,TRUE,NA,TRUE,sih
AP,2022,4,0,113,TRUE,TRUE,NA,TRUE,sih
AP,2023,1,0,113,TRUE,TRUE,NA,TRUE,sih
AP,2023,2,0,113,TRUE,TRUE,NA,TRUE,sih
AP,2023,3,0,113,TRUE,TRUE,NA,TRUE,sih
AP,2023,4,0,113,TRUE,TRUE,NA,TRUE,sih
AP,2024,1,0,113,TRUE,TRUE,NA,TRUE,sih
AP,2024,2,0,113,TRUE,TRUE,NA,TRUE,sih
AP,2024,3,0,113,TRUE,TRUE,NA,TRUE,sih
AP,2024,4,0,113,TRUE,TRUE,NA,TRUE,sih
AP,2025,1,0,114,TRUE,TRUE,NA,TRUE,sih
AP,2025,2,0,114,TRUE,TRUE,NA,TRUE,sih
AP,2025,3,0,114,TRUE,TRUE,NA,TRUE,sih
AP,2025,4,0,114,TRUE,TRUE,NA,TRUE,sih
AM,2020,1,0,113,TRUE,TRUE,NA,TRUE,sih
AM,2020,2,0,113,TRUE,TRUE,NA,TRUE,sih
AM,2020,3,0,113,TRUE,TRUE,NA,TRUE,sih
AM,2020,4,0,113,TRUE,TRUE,NA,TRUE,sih
AM,2021,1,0,113,TRUE,TRUE,NA,TRUE,sih
AM,2021,2,0,113,TRUE,TRUE,NA,TRUE,sih
AM,2021,3,0,113,TRUE,TRUE,NA,TRUE,sih
AM,2021,4,0,113,TRUE,TRUE,NA,TRUE,sih
AM,2022,1,0,113,TRUE,TRUE,NA,TRUE,sih
AM,2022,2,0,113,TRUE,TRUE,NA,TRUE,sih
AM,2022,3,2,113,TRUE,TRUE,2,TRUE,sih
AM,2022,4,0,113,TRUE,TRUE,NA,TRUE,sih
AM,2023,1,0,113,TRUE,TRUE,NA,TRUE,sih
AM,2023,2,0,113,TRUE,TRUE,NA,TRUE,sih
AM,2023,3,0,113,TRUE,TRUE,NA,TRUE,sih
AM,2023,4,0,113,TRUE,TRUE,NA,TRUE,sih
AM,2024,1,0,113,TRUE,TRUE,NA,TRUE,sih
AM,2024,2,0,113,TRUE,TRUE,NA,TRUE,sih
AM,2024,3,0,113,TRUE,TRUE,NA,TRUE,sih
AM,2024,4,0,113,TRUE,TRUE,NA,TRUE,sih
AM,2025,1,0,114,TRUE,TRUE,NA,TRUE,sih
AM,2025,2,0,114,TRUE,TRUE,NA,TRUE,sih
AM,2025,3,0,114,TRUE,TRUE,NA,TRUE,sih
AM,2025,4,1,114,TRUE,TRUE,1,TRUE,sih
BA,2020,1,0,113,TRUE,TRUE,NA,TRUE,sih
BA,2020,2,0,113,TRUE,TRUE,NA,TRUE,sih
BA,2020,3,0,113,TRUE,TRUE,NA,TRUE,sih
BA,2020,4,0,113,TRUE,TRUE,NA,TRUE,sih
BA,2021,1,0,113,TRUE,TRUE,NA,TRUE,sih
BA,2021,2,0,113,TRUE,TRUE,NA,TRUE,sih
BA,2021,3,1,113,TRUE,TRUE,1,TRUE,sih
BA,2021,4,0,113,TRUE,TRUE,NA,TRUE,sih
BA,2022,1,0,113,TRUE,TRUE,NA,TRUE,sih
BA,2022,2,0,113,TRUE,TRUE,NA,TRUE,sih
BA,2022,3,2,113,TRUE,TRUE,2,TRUE,sih
BA,2022,4,0,113,TRUE,TRUE,NA,TRUE,sih
BA,2023,1,1,113,TRUE,TRUE,1,TRUE,sih
BA,2023,2,0,113,TRUE,TRUE,NA,TRUE,sih
BA,2023,3,1,113,TRUE,TRUE,1,TRUE,sih
BA,2023,4,0,113,TRUE,TRUE,NA,TRUE,sih
BA,2024,1,1,113,TRUE,TRUE,1,TRUE,sih
BA,2024,2,2,113,TRUE,TRUE,2,TRUE,sih
BA,2024,3,1,113,TRUE,TRUE,1,TRUE,sih
BA,2024,4,1,113,TRUE,TRUE,1,TRUE,sih
BA,2025,1,5,114,TRUE,TRUE,5,TRUE,sih
BA,2025,2,0,114,TRUE,TRUE,NA,TRUE,sih
BA,2025,3,2,114,TRUE,TRUE,2,TRUE,sih
BA,2025,4,2,114,TRUE,TRUE,2,TRUE,sih
CE,2020,1,0,113,TRUE,TRUE,NA,TRUE,sih
CE,2020,2,1,113,TRUE,TRUE,1,TRUE,sih
CE,2020,3,0,113,TRUE,TRUE,NA,TRUE,sih
CE,2020,4,0,113,TRUE,TRUE,NA,TRUE,sih
CE,2021,1,0,113,TRUE,TRUE,NA,TRUE,sih
CE,2021,2,0,113,TRUE,TRUE,NA,TRUE,sih
CE,2021,3,0,113,TRUE,TRUE,NA,TRUE,sih
CE,2021,4,0,113,TRUE,TRUE,NA,TRUE,sih
CE,2022,1,0,113,TRUE,TRUE,NA,TRUE,sih
CE,2022,2,0,113,TRUE,TRUE,NA,TRUE,sih
CE,2022,3,0,113,TRUE,TRUE,NA,TRUE,sih
CE,2022,4,0,113,TRUE,TRUE,NA,TRUE,sih
CE,2023,1,1,113,TRUE,TRUE,1,TRUE,sih
CE,2023,2,2,113,TRUE,TRUE,2,TRUE,sih
CE,2023,3,0,113,TRUE,TRUE,NA,TRUE,sih
CE,2023,4,0,113,TRUE,TRUE,NA,TRUE,sih
CE,2024,1,2,113,TRUE,TRUE,2,TRUE,sih
CE,2024,2,2,113,TRUE,TRUE,2,TRUE,sih
CE,2024,3,1,113,TRUE,TRUE,1,TRUE,sih
CE,2024,4,2,113,TRUE,TRUE,2,TRUE,sih
CE,2025,1,1,114,TRUE,TRUE,1,TRUE,sih
CE,2025,2,1,114,TRUE,TRUE,1,TRUE,sih
CE,2025,3,2,114,TRUE,TRUE,2,TRUE,sih
CE,2025,4,0,114,TRUE,TRUE,NA,TRUE,sih
DF,2020,1,0,113,TRUE,TRUE,NA,TRUE,sih
DF,2020,2,0,113,TRUE,TRUE,NA,TRUE,sih
DF,2020,3,0,113,TRUE,TRUE,NA,TRUE,sih
DF,2020,4,0,113,TRUE,TRUE,NA,TRUE,sih
DF,2021,1,1,113,TRUE,TRUE,1,TRUE,sih
DF,2021,2,0,113,TRUE,TRUE,NA,TRUE,sih
DF,2021,3,0,113,TRUE,TRUE,NA,TRUE,sih
DF,2021,4,0,113,TRUE,TRUE,NA,TRUE,sih
DF,2022,1,0,113,TRUE,TRUE,NA,TRUE,sih
DF,2022,2,0,113,TRUE,TRUE,NA,TRUE,sih
DF,2022,3,0,113,TRUE,TRUE,NA,TRUE,sih
DF,2022,4,1,113,TRUE,TRUE,1,TRUE,sih
DF,2023,1,1,113,TRUE,TRUE,1,TRUE,sih
DF,2023,2,1,113,TRUE,TRUE,1,TRUE,sih
DF,2023,3,1,113,TRUE,TRUE,1,TRUE,sih
DF,2023,4,1,113,TRUE,TRUE,1,TRUE,sih
DF,2024,1,2,113,TRUE,TRUE,2,TRUE,sih
DF,2024,2,1,113,TRUE,TRUE,1,TRUE,sih
DF,2024,3,0,113,TRUE,TRUE,NA,TRUE,sih
DF,2024,4,1,113,TRUE,TRUE,1,TRUE,sih
DF,2025,1,1,114,TRUE,TRUE,1,TRUE,sih
DF,2025,2,1,114,TRUE,TRUE,1,TRUE,sih
DF,2025,3,2,114,TRUE,TRUE,2,TRUE,sih
DF,2025,4,0,114,TRUE,TRUE,NA,TRUE,sih
ES,2020,1,0,113,TRUE,TRUE,NA,TRUE,sih
ES,2020,2,0,113,TRUE,TRUE,NA,TRUE,sih
ES,2020,3,0,113,TRUE,TRUE,NA,TRUE,sih
ES,2020,4,0,113,TRUE,TRUE,NA,TRUE,sih
ES,2021,1,0,113,TRUE,TRUE,NA,TRUE,sih
ES,2021,2,0,113,TRUE,TRUE,NA,TRUE,sih
ES,2021,3,0,113,TRUE,TRUE,NA,TRUE,sih
ES,2021,4,0,113,TRUE,TRUE,NA,TRUE,sih
ES,2022,1,0,113,TRUE,TRUE,NA,TRUE,sih
ES,2022,2,0,113,TRUE,TRUE,NA,TRUE,sih
ES,2022,3,1,113,TRUE,TRUE,1,TRUE,sih
ES,2022,4,0,113,TRUE,TRUE,NA,TRUE,sih
ES,2023,1,0,113,TRUE,TRUE,NA,TRUE,sih
ES,2023,2,0,113,TRUE,TRUE,NA,TRUE,sih
ES,2023,3,0,113,TRUE,TRUE,NA,TRUE,sih
ES,2023,4,0,113,TRUE,TRUE,NA,TRUE,sih
ES,2024,1,0,113,TRUE,TRUE,NA,TRUE,sih
ES,2024,2,3,113,TRUE,TRUE,3,TRUE,sih
ES,2024,3,2,113,TRUE,TRUE,2,TRUE,sih
ES,2024,4,0,113,TRUE,TRUE,NA,TRUE,sih
ES,2025,1,1,114,TRUE,TRUE,1,TRUE,sih
ES,2025,2,0,114,TRUE,TRUE,NA,TRUE,sih
ES,2025,3,2,114,TRUE,TRUE,2,TRUE,sih
ES,2025,4,0,114,TRUE,TRUE,NA,TRUE,sih
GO,2020,1,0,113,TRUE,TRUE,NA,TRUE,sih
GO,2020,2,0,113,TRUE,TRUE,NA,TRUE,sih
GO,2020,3,1,113,TRUE,TRUE,1,TRUE,sih
GO,2020,4,0,113,TRUE,TRUE,NA,TRUE,sih
GO,2021,1,1,113,TRUE,TRUE,1,TRUE,sih
GO,2021,2,0,113,TRUE,TRUE,NA,TRUE,sih
GO,2021,3,0,113,TRUE,TRUE,NA,TRUE,sih
GO,2021,4,0,113,TRUE,TRUE,NA,TRUE,sih
GO,2022,1,0,113,TRUE,TRUE,NA,TRUE,sih
GO,2022,2,0,113,TRUE,TRUE,NA,TRUE,sih
GO,2022,3,0,113,TRUE,TRUE,NA,TRUE,sih
GO,2022,4,0,113,TRUE,TRUE,NA,TRUE,sih
GO,2023,1,0,113,TRUE,TRUE,NA,TRUE,sih
GO,2023,2,0,113,TRUE,TRUE,NA,TRUE,sih
GO,2023,3,0,113,TRUE,TRUE,NA,TRUE,sih
GO,2023,4,0,113,TRUE,TRUE,NA,TRUE,sih
GO,2024,1,1,113,TRUE,TRUE,1,TRUE,sih
GO,2024,2,0,113,TRUE,TRUE,NA,TRUE,sih
GO,2024,3,0,113,TRUE,TRUE,NA,TRUE,sih
GO,2024,4,0,113,TRUE,TRUE,NA,TRUE,sih
GO,2025,1,0,114,TRUE,TRUE,NA,TRUE,sih
GO,2025,2,0,114,TRUE,TRUE,NA,TRUE,sih
GO,2025,3,0,114,TRUE,TRUE,NA,TRUE,sih
GO,2025,4,0,114,TRUE,TRUE,NA,TRUE,sih
MA,2020,1,0,113,TRUE,TRUE,NA,TRUE,sih
MA,2020,2,0,113,TRUE,TRUE,NA,TRUE,sih
MA,2020,3,0,113,TRUE,TRUE,NA,TRUE,sih
MA,2020,4,0,113,TRUE,TRUE,NA,TRUE,sih
MA,2021,1,0,113,TRUE,TRUE,NA,TRUE,sih
MA,2021,2,0,113,TRUE,TRUE,NA,TRUE,sih
MA,2021,3,0,113,TRUE,TRUE,NA,TRUE,sih
MA,2021,4,0,113,TRUE,TRUE,NA,TRUE,sih
MA,2022,1,0,113,TRUE,TRUE,NA,TRUE,sih
MA,2022,2,0,113,TRUE,TRUE,NA,TRUE,sih
MA,2022,3,1,113,TRUE,TRUE,1,TRUE,sih
MA,2022,4,0,113,TRUE,TRUE,NA,TRUE,sih
MA,2023,1,0,113,TRUE,TRUE,NA,TRUE,sih
MA,2023,2,1,113,TRUE,TRUE,1,TRUE,sih
MA,2023,3,1,113,TRUE,TRUE,1,TRUE,sih
MA,2023,4,0,113,TRUE,TRUE,NA,TRUE,sih
MA,2024,1,0,113,TRUE,TRUE,NA,TRUE,sih
MA,2024,2,0,113,TRUE,TRUE,NA,TRUE,sih
MA,2024,3,0,113,TRUE,TRUE,NA,TRUE,sih
MA,2024,4,0,113,TRUE,TRUE,NA,TRUE,sih
MA,2025,1,1,114,TRUE,TRUE,1,TRUE,sih
MA,2025,2,0,114,TRUE,TRUE,NA,TRUE,sih
MA,2025,3,0,114,TRUE,TRUE,NA,TRUE,sih
MA,2025,4,0,114,TRUE,TRUE,NA,TRUE,sih
MT,2020,1,0,113,TRUE,TRUE,NA,TRUE,sih
MT,2020,2,0,113,TRUE,TRUE,NA,TRUE,sih
MT,2020,3,0,113,TRUE,TRUE,NA,TRUE,sih
MT,2020,4,0,113,TRUE,TRUE,NA,TRUE,sih
MT,2021,1,0,113,TRUE,TRUE,NA,TRUE,sih
MT,2021,2,0,113,TRUE,TRUE,NA,TRUE,sih
MT,2021,3,0,113,TRUE,TRUE,NA,TRUE,sih
MT,2021,4,0,113,TRUE,TRUE,NA,TRUE,sih
MT,2022,1,0,113,TRUE,TRUE,NA,TRUE,sih
MT,2022,2,0,113,TRUE,TRUE,NA,TRUE,sih
MT,2022,3,0,113,TRUE,TRUE,NA,TRUE,sih
MT,2022,4,0,113,TRUE,TRUE,NA,TRUE,sih
MT,2023,1,0,113,TRUE,TRUE,NA,TRUE,sih
MT,2023,2,0,113,TRUE,TRUE,NA,TRUE,sih
MT,2023,3,0,113,TRUE,TRUE,NA,TRUE,sih
MT,2023,4,0,113,TRUE,TRUE,NA,TRUE,sih
MT,2024,1,0,113,TRUE,TRUE,NA,TRUE,sih
MT,2024,2,1,113,TRUE,TRUE,1,TRUE,sih
MT,2024,3,1,113,TRUE,TRUE,1,TRUE,sih
MT,2024,4,0,113,TRUE,TRUE,NA,TRUE,sih
MT,2025,1,0,114,TRUE,TRUE,NA,TRUE,sih
MT,2025,2,0,114,TRUE,TRUE,NA,TRUE,sih
MT,2025,3,0,114,TRUE,TRUE,NA,TRUE,sih
MT,2025,4,0,114,TRUE,TRUE,NA,TRUE,sih
MS,2020,1,0,113,TRUE,TRUE,NA,TRUE,sih
MS,2020,2,0,113,TRUE,TRUE,NA,TRUE,sih
MS,2020,3,0,113,TRUE,TRUE,NA,TRUE,sih
MS,2020,4,0,113,TRUE,TRUE,NA,TRUE,sih
MS,2021,1,0,113,TRUE,TRUE,NA,TRUE,sih
MS,2021,2,0,113,TRUE,TRUE,NA,TRUE,sih
MS,2021,3,0,113,TRUE,TRUE,NA,TRUE,sih
MS,2021,4,0,113,TRUE,TRUE,NA,TRUE,sih
MS,2022,1,0,113,TRUE,TRUE,NA,TRUE,sih
MS,2022,2,0,113,TRUE,TRUE,NA,TRUE,sih
MS,2022,3,0,113,TRUE,TRUE,NA,TRUE,sih
MS,2022,4,0,113,TRUE,TRUE,NA,TRUE,sih
MS,2023,1,0,113,TRUE,TRUE,NA,TRUE,sih
MS,2023,2,0,113,TRUE,TRUE,NA,TRUE,sih
MS,2023,3,0,113,TRUE,TRUE,NA,TRUE,sih
MS,2023,4,0,113,TRUE,TRUE,NA,TRUE,sih
MS,2024,1,0,113,TRUE,TRUE,NA,TRUE,sih
MS,2024,2,0,113,TRUE,TRUE,NA,TRUE,sih
MS,2024,3,1,113,TRUE,TRUE,1,TRUE,sih
MS,2024,4,0,113,TRUE,TRUE,NA,TRUE,sih
MS,2025,1,0,114,TRUE,TRUE,NA,TRUE,sih
MS,2025,2,1,114,TRUE,TRUE,1,TRUE,sih
MS,2025,3,0,114,TRUE,TRUE,NA,TRUE,sih
MS,2025,4,0,114,TRUE,TRUE,NA,TRUE,sih
MG,2020,1,5,113,TRUE,TRUE,5,TRUE,sih
MG,2020,2,1,113,TRUE,TRUE,1,TRUE,sih
MG,2020,3,0,113,TRUE,TRUE,NA,TRUE,sih
MG,2020,4,1,113,TRUE,TRUE,1,TRUE,sih
MG,2021,1,0,113,TRUE,TRUE,NA,TRUE,sih
MG,2021,2,1,113,TRUE,TRUE,1,TRUE,sih
MG,2021,3,1,113,TRUE,TRUE,1,TRUE,sih
MG,2021,4,0,113,TRUE,TRUE,NA,TRUE,sih
MG,2022,1,2,113,TRUE,TRUE,2,TRUE,sih
MG,2022,2,2,113,TRUE,TRUE,2,TRUE,sih
MG,2022,3,5,113,TRUE,TRUE,5,TRUE,sih
MG,2022,4,6,113,TRUE,TRUE,6,TRUE,sih
MG,2023,1,6,113,TRUE,TRUE,6,TRUE,sih
MG,2023,2,3,113,TRUE,TRUE,3,TRUE,sih
MG,2023,3,2,113,TRUE,TRUE,2,TRUE,sih
MG,2023,4,3,113,TRUE,TRUE,3,TRUE,sih
MG,2024,1,2,113,TRUE,TRUE,2,TRUE,sih
MG,2024,2,6,113,TRUE,TRUE,6,TRUE,sih
MG,2024,3,10,113,TRUE,TRUE,10,TRUE,sih
MG,2024,4,3,113,TRUE,TRUE,3,TRUE,sih
MG,2025,1,4,114,TRUE,TRUE,4,TRUE,sih
MG,2025,2,8,114,TRUE,TRUE,8,TRUE,sih
MG,2025,3,17,114,TRUE,TRUE,17,TRUE,sih
MG,2025,4,11,114,TRUE,TRUE,11,TRUE,sih
PA,2020,1,0,113,TRUE,TRUE,NA,TRUE,sih
PA,2020,2,0,113,TRUE,TRUE,NA,TRUE,sih
PA,2020,3,0,113,TRUE,TRUE,NA,TRUE,sih
PA,2020,4,0,113,TRUE,TRUE,NA,TRUE,sih
PA,2021,1,0,113,TRUE,TRUE,NA,TRUE,sih
PA,2021,2,0,113,TRUE,TRUE,NA,TRUE,sih
PA,2021,3,1,113,TRUE,TRUE,1,TRUE,sih
PA,2021,4,0,113,TRUE,TRUE,NA,TRUE,sih
PA,2022,1,0,113,TRUE,TRUE,NA,TRUE,sih
PA,2022,2,0,113,TRUE,TRUE,NA,TRUE,sih
PA,2022,3,0,113,TRUE,TRUE,NA,TRUE,sih
PA,2022,4,0,113,TRUE,TRUE,NA,TRUE,sih
PA,2023,1,0,113,TRUE,TRUE,NA,TRUE,sih
PA,2023,2,0,113,TRUE,TRUE,NA,TRUE,sih
PA,2023,3,0,113,TRUE,TRUE,NA,TRUE,sih
PA,2023,4,0,113,TRUE,TRUE,NA,TRUE,sih
PA,2024,1,1,113,TRUE,TRUE,1,TRUE,sih
PA,2024,2,1,113,TRUE,TRUE,1,TRUE,sih
PA,2024,3,1,113,TRUE,TRUE,1,TRUE,sih
PA,2024,4,0,113,TRUE,TRUE,NA,TRUE,sih
PA,2025,1,0,114,TRUE,TRUE,NA,TRUE,sih
PA,2025,2,1,114,TRUE,TRUE,1,TRUE,sih
PA,2025,3,0,114,TRUE,TRUE,NA,TRUE,sih
PA,2025,4,0,114,TRUE,TRUE,NA,TRUE,sih
PB,2020,1,0,113,TRUE,TRUE,NA,TRUE,sih
PB,2020,2,0,113,TRUE,TRUE,NA,TRUE,sih
PB,2020,3,0,113,TRUE,TRUE,NA,TRUE,sih
PB,2020,4,0,113,TRUE,TRUE,NA,TRUE,sih
PB,2021,1,0,113,TRUE,TRUE,NA,TRUE,sih
PB,2021,2,0,113,TRUE,TRUE,NA,TRUE,sih
PB,2021,3,0,113,TRUE,TRUE,NA,TRUE,sih
PB,2021,4,0,113,TRUE,TRUE,NA,TRUE,sih
PB,2022,1,0,113,TRUE,TRUE,NA,TRUE,sih
PB,2022,2,0,113,TRUE,TRUE,NA,TRUE,sih
PB,2022,3,0,113,TRUE,TRUE,NA,TRUE,sih
PB,2022,4,0,113,TRUE,TRUE,NA,TRUE,sih
PB,2023,1,1,113,TRUE,TRUE,1,TRUE,sih
PB,2023,2,0,113,TRUE,TRUE,NA,TRUE,sih
PB,2023,3,0,113,TRUE,TRUE,NA,TRUE,sih
PB,2023,4,1,113,TRUE,TRUE,1,TRUE,sih
PB,2024,1,1,113,TRUE,TRUE,1,TRUE,sih
PB,2024,2,1,113,TRUE,TRUE,1,TRUE,sih
PB,2024,3,2,113,TRUE,TRUE,2,TRUE,sih
PB,2024,4,1,113,TRUE,TRUE,1,TRUE,sih
PB,2025,1,1,114,TRUE,TRUE,1,TRUE,sih
PB,2025,2,0,114,TRUE,TRUE,NA,TRUE,sih
PB,2025,3,0,114,TRUE,TRUE,NA,TRUE,sih
PB,2025,4,1,114,TRUE,TRUE,1,TRUE,sih
PR,2020,1,2,113,TRUE,TRUE,2,TRUE,sih
PR,2020,2,0,113,TRUE,TRUE,NA,TRUE,sih
PR,2020,3,0,113,TRUE,TRUE,NA,TRUE,sih
PR,2020,4,1,113,TRUE,TRUE,1,TRUE,sih
PR,2021,1,1,113,TRUE,TRUE,1,TRUE,sih
PR,2021,2,1,113,TRUE,TRUE,1,TRUE,sih
PR,2021,3,0,113,TRUE,TRUE,NA,TRUE,sih
PR,2021,4,0,113,TRUE,TRUE,NA,TRUE,sih
PR,2022,1,1,113,TRUE,TRUE,1,TRUE,sih
PR,2022,2,1,113,TRUE,TRUE,1,TRUE,sih
PR,2022,3,1,113,TRUE,TRUE,1,TRUE,sih
PR,2022,4,0,113,TRUE,TRUE,NA,TRUE,sih
PR,2023,1,0,113,TRUE,TRUE,NA,TRUE,sih
PR,2023,2,4,113,TRUE,TRUE,4,TRUE,sih
PR,2023,3,2,113,TRUE,TRUE,2,TRUE,sih
PR,2023,4,0,113,TRUE,TRUE,NA,TRUE,sih
PR,2024,1,2,113,TRUE,TRUE,2,TRUE,sih
PR,2024,2,1,113,TRUE,TRUE,1,TRUE,sih
PR,2024,3,2,113,TRUE,TRUE,2,TRUE,sih
PR,2024,4,4,113,TRUE,TRUE,4,TRUE,sih
PR,2025,1,3,114,TRUE,TRUE,3,TRUE,sih
PR,2025,2,4,114,TRUE,TRUE,4,TRUE,sih
PR,2025,3,3,114,TRUE,TRUE,3,TRUE,sih
PR,2025,4,1,114,TRUE,TRUE,1,TRUE,sih
PE,2020,1,2,113,TRUE,TRUE,2,TRUE,sih
PE,2020,2,0,113,TRUE,TRUE,NA,TRUE,sih
PE,2020,3,0,113,TRUE,TRUE,NA,TRUE,sih
PE,2020,4,0,113,TRUE,TRUE,NA,TRUE,sih
PE,2021,1,0,113,TRUE,TRUE,NA,TRUE,sih
PE,2021,2,0,113,TRUE,TRUE,NA,TRUE,sih
PE,2021,3,2,113,TRUE,TRUE,2,TRUE,sih
PE,2021,4,0,113,TRUE,TRUE,NA,TRUE,sih
PE,2022,1,1,113,TRUE,TRUE,1,TRUE,sih
PE,2022,2,2,113,TRUE,TRUE,2,TRUE,sih
PE,2022,3,1,113,TRUE,TRUE,1,TRUE,sih
PE,2022,4,1,113,TRUE,TRUE,1,TRUE,sih
PE,2023,1,1,113,TRUE,TRUE,1,TRUE,sih
PE,2023,2,0,113,TRUE,TRUE,NA,TRUE,sih
PE,2023,3,1,113,TRUE,TRUE,1,TRUE,sih
PE,2023,4,0,113,TRUE,TRUE,NA,TRUE,sih
PE,2024,1,0,113,TRUE,TRUE,NA,TRUE,sih
PE,2024,2,3,113,TRUE,TRUE,3,TRUE,sih
PE,2024,3,0,113,TRUE,TRUE,NA,TRUE,sih
PE,2024,4,2,113,TRUE,TRUE,2,TRUE,sih
PE,2025,1,2,114,TRUE,TRUE,2,TRUE,sih
PE,2025,2,5,114,TRUE,TRUE,5,TRUE,sih
PE,2025,3,3,114,TRUE,TRUE,3,TRUE,sih
PE,2025,4,5,114,TRUE,TRUE,5,TRUE,sih
PI,2020,1,0,113,TRUE,TRUE,NA,TRUE,sih
PI,2020,2,0,113,TRUE,TRUE,NA,TRUE,sih
PI,2020,3,0,113,TRUE,TRUE,NA,TRUE,sih
PI,2020,4,0,113,TRUE,TRUE,NA,TRUE,sih
PI,2021,1,0,113,TRUE,TRUE,NA,TRUE,sih
PI,2021,2,0,113,TRUE,TRUE,NA,TRUE,sih
PI,2021,3,0,113,TRUE,TRUE,NA,TRUE,sih
PI,2021,4,0,113,TRUE,TRUE,NA,TRUE,sih
PI,2022,1,0,113,TRUE,TRUE,NA,TRUE,sih
PI,2022,2,0,113,TRUE,TRUE,NA,TRUE,sih
PI,2022,3,0,113,TRUE,TRUE,NA,TRUE,sih
PI,2022,4,0,113,TRUE,TRUE,NA,TRUE,sih
PI,2023,1,0,113,TRUE,TRUE,NA,TRUE,sih
PI,2023,2,0,113,TRUE,TRUE,NA,TRUE,sih
PI,2023,3,0,113,TRUE,TRUE,NA,TRUE,sih
PI,2023,4,0,113,TRUE,TRUE,NA,TRUE,sih
PI,2024,1,0,113,TRUE,TRUE,NA,TRUE,sih
PI,2024,2,0,113,TRUE,TRUE,NA,TRUE,sih
PI,2024,3,0,113,TRUE,TRUE,NA,TRUE,sih
PI,2024,4,0,113,TRUE,TRUE,NA,TRUE,sih
PI,2025,1,0,114,TRUE,TRUE,NA,TRUE,sih
PI,2025,2,0,114,TRUE,TRUE,NA,TRUE,sih
PI,2025,3,1,114,TRUE,TRUE,1,TRUE,sih
PI,2025,4,0,114,TRUE,TRUE,NA,TRUE,sih
RJ,2020,1,5,113,TRUE,TRUE,5,TRUE,sih
RJ,2020,2,4,113,TRUE,TRUE,4,TRUE,sih
RJ,2020,3,1,113,TRUE,TRUE,1,TRUE,sih
RJ,2020,4,1,113,TRUE,TRUE,1,TRUE,sih
RJ,2021,1,1,113,TRUE,TRUE,1,TRUE,sih
RJ,2021,2,0,113,TRUE,TRUE,NA,TRUE,sih
RJ,2021,3,1,113,TRUE,TRUE,1,TRUE,sih
RJ,2021,4,0,113,TRUE,TRUE,NA,TRUE,sih
RJ,2022,1,0,113,TRUE,TRUE,NA,TRUE,sih
RJ,2022,2,3,113,TRUE,TRUE,3,TRUE,sih
RJ,2022,3,4,113,TRUE,TRUE,4,TRUE,sih
RJ,2022,4,3,113,TRUE,TRUE,3,TRUE,sih
RJ,2023,1,5,113,TRUE,TRUE,5,TRUE,sih
RJ,2023,2,4,113,TRUE,TRUE,4,TRUE,sih
RJ,2023,3,2,113,TRUE,TRUE,2,TRUE,sih
RJ,2023,4,3,113,TRUE,TRUE,3,TRUE,sih
RJ,2024,1,2,113,TRUE,TRUE,2,TRUE,sih
RJ,2024,2,4,113,TRUE,TRUE,4,TRUE,sih
RJ,2024,3,0,113,TRUE,TRUE,NA,TRUE,sih
RJ,2024,4,7,113,TRUE,TRUE,7,TRUE,sih
RJ,2025,1,3,114,TRUE,TRUE,3,TRUE,sih
RJ,2025,2,3,114,TRUE,TRUE,3,TRUE,sih
RJ,2025,3,6,114,TRUE,TRUE,6,TRUE,sih
RJ,2025,4,4,114,TRUE,TRUE,4,TRUE,sih
RN,2020,1,0,113,TRUE,TRUE,NA,TRUE,sih
RN,2020,2,0,113,TRUE,TRUE,NA,TRUE,sih
RN,2020,3,0,113,TRUE,TRUE,NA,TRUE,sih
RN,2020,4,0,113,TRUE,TRUE,NA,TRUE,sih
RN,2021,1,0,113,TRUE,TRUE,NA,TRUE,sih
RN,2021,2,0,113,TRUE,TRUE,NA,TRUE,sih
RN,2021,3,0,113,TRUE,TRUE,NA,TRUE,sih
RN,2021,4,1,113,TRUE,TRUE,1,TRUE,sih
RN,2022,1,0,113,TRUE,TRUE,NA,TRUE,sih
RN,2022,2,0,113,TRUE,TRUE,NA,TRUE,sih
RN,2022,3,0,113,TRUE,TRUE,NA,TRUE,sih
RN,2022,4,0,113,TRUE,TRUE,NA,TRUE,sih
RN,2023,1,0,113,TRUE,TRUE,NA,TRUE,sih
RN,2023,2,0,113,TRUE,TRUE,NA,TRUE,sih
RN,2023,3,1,113,TRUE,TRUE,1,TRUE,sih
RN,2023,4,1,113,TRUE,TRUE,1,TRUE,sih
RN,2024,1,2,113,TRUE,TRUE,2,TRUE,sih
RN,2024,2,2,113,TRUE,TRUE,2,TRUE,sih
RN,2024,3,0,113,TRUE,TRUE,NA,TRUE,sih
RN,2024,4,1,113,TRUE,TRUE,1,TRUE,sih
RN,2025,1,0,114,TRUE,TRUE,NA,TRUE,sih
RN,2025,2,1,114,TRUE,TRUE,1,TRUE,sih
RN,2025,3,1,114,TRUE,TRUE,1,TRUE,sih
RN,2025,4,1,114,TRUE,TRUE,1,TRUE,sih
RS,2020,1,0,113,TRUE,TRUE,NA,TRUE,sih
RS,2020,2,0,113,TRUE,TRUE,NA,TRUE,sih
RS,2020,3,0,113,TRUE,TRUE,NA,TRUE,sih
RS,2020,4,0,113,TRUE,TRUE,NA,TRUE,sih
RS,2021,1,0,113,TRUE,TRUE,NA,TRUE,sih
RS,2021,2,0,113,TRUE,TRUE,NA,TRUE,sih
RS,2021,3,0,113,TRUE,TRUE,NA,TRUE,sih
RS,2021,4,0,113,TRUE,TRUE,NA,TRUE,sih
RS,2022,1,0,113,TRUE,TRUE,NA,TRUE,sih
RS,2022,2,1,113,TRUE,TRUE,1,TRUE,sih
RS,2022,3,0,113,TRUE,TRUE,NA,TRUE,sih
RS,2022,4,0,113,TRUE,TRUE,NA,TRUE,sih
RS,2023,1,1,113,TRUE,TRUE,1,TRUE,sih
RS,2023,2,0,113,TRUE,TRUE,NA,TRUE,sih
RS,2023,3,0,113,TRUE,TRUE,NA,TRUE,sih
RS,2023,4,1,113,TRUE,TRUE,1,TRUE,sih
RS,2024,1,0,113,TRUE,TRUE,NA,TRUE,sih
RS,2024,2,0,113,TRUE,TRUE,NA,TRUE,sih
RS,2024,3,0,113,TRUE,TRUE,NA,TRUE,sih
RS,2024,4,1,113,TRUE,TRUE,1,TRUE,sih
RS,2025,1,0,114,TRUE,TRUE,NA,TRUE,sih
RS,2025,2,1,114,TRUE,TRUE,1,TRUE,sih
RS,2025,3,0,114,TRUE,TRUE,NA,TRUE,sih
RS,2025,4,1,114,TRUE,TRUE,1,TRUE,sih
RO,2020,1,0,113,TRUE,TRUE,NA,TRUE,sih
RO,2020,2,0,113,TRUE,TRUE,NA,TRUE,sih
RO,2020,3,0,113,TRUE,TRUE,NA,TRUE,sih
RO,2020,4,0,113,TRUE,TRUE,NA,TRUE,sih
RO,2021,1,0,113,TRUE,TRUE,NA,TRUE,sih
RO,2021,2,0,113,TRUE,TRUE,NA,TRUE,sih
RO,2021,3,0,113,TRUE,TRUE,NA,TRUE,sih
RO,2021,4,0,113,TRUE,TRUE,NA,TRUE,sih
RO,2022,1,0,113,TRUE,TRUE,NA,TRUE,sih
RO,2022,2,0,113,TRUE,TRUE,NA,TRUE,sih
RO,2022,3,0,113,TRUE,TRUE,NA,TRUE,sih
RO,2022,4,0,113,TRUE,TRUE,NA,TRUE,sih
RO,2023,1,0,113,TRUE,TRUE,NA,TRUE,sih
RO,2023,2,0,113,TRUE,TRUE,NA,TRUE,sih
RO,2023,3,0,113,TRUE,TRUE,NA,TRUE,sih
RO,2023,4,0,113,TRUE,TRUE,NA,TRUE,sih
RO,2024,1,0,113,TRUE,TRUE,NA,TRUE,sih
RO,2024,2,0,113,TRUE,TRUE,NA,TRUE,sih
RO,2024,3,0,113,TRUE,TRUE,NA,TRUE,sih
RO,2024,4,0,113,TRUE,TRUE,NA,TRUE,sih
RO,2025,1,0,114,TRUE,TRUE,NA,TRUE,sih
RO,2025,2,0,114,TRUE,TRUE,NA,TRUE,sih
RO,2025,3,0,114,TRUE,TRUE,NA,TRUE,sih
RO,2025,4,0,114,TRUE,TRUE,NA,TRUE,sih
RR,2020,1,0,113,TRUE,TRUE,NA,TRUE,sih
RR,2020,2,0,113,TRUE,TRUE,NA,TRUE,sih
RR,2020,3,0,113,TRUE,TRUE,NA,TRUE,sih
RR,2020,4,0,113,TRUE,TRUE,NA,TRUE,sih
RR,2021,1,0,113,TRUE,TRUE,NA,TRUE,sih
RR,2021,2,0,113,TRUE,TRUE,NA,TRUE,sih
RR,2021,3,0,113,TRUE,TRUE,NA,TRUE,sih
RR,2021,4,0,113,TRUE,TRUE,NA,TRUE,sih
RR,2022,1,0,113,TRUE,TRUE,NA,TRUE,sih
RR,2022,2,0,113,TRUE,TRUE,NA,TRUE,sih
RR,2022,3,0,113,TRUE,TRUE,NA,TRUE,sih
RR,2022,4,0,113,TRUE,TRUE,NA,TRUE,sih
RR,2023,1,0,113,TRUE,TRUE,NA,TRUE,sih
RR,2023,2,0,113,TRUE,TRUE,NA,TRUE,sih
RR,2023,3,0,113,TRUE,TRUE,NA,TRUE,sih
RR,2023,4,0,113,TRUE,TRUE,NA,TRUE,sih
RR,2024,1,0,113,TRUE,TRUE,NA,TRUE,sih
RR,2024,2,0,113,TRUE,TRUE,NA,TRUE,sih
RR,2024,3,0,113,TRUE,TRUE,NA,TRUE,sih
RR,2024,4,0,113,TRUE,TRUE,NA,TRUE,sih
RR,2025,1,0,114,TRUE,TRUE,NA,TRUE,sih
RR,2025,2,0,114,TRUE,TRUE,NA,TRUE,sih
RR,2025,3,0,114,TRUE,TRUE,NA,TRUE,sih
RR,2025,4,0,114,TRUE,TRUE,NA,TRUE,sih
SC,2020,1,1,113,TRUE,TRUE,1,TRUE,sih
SC,2020,2,0,113,TRUE,TRUE,NA,TRUE,sih
SC,2020,3,0,113,TRUE,TRUE,NA,TRUE,sih
SC,2020,4,1,113,TRUE,TRUE,1,TRUE,sih
SC,2021,1,0,113,TRUE,TRUE,NA,TRUE,sih
SC,2021,2,0,113,TRUE,TRUE,NA,TRUE,sih
SC,2021,3,0,113,TRUE,TRUE,NA,TRUE,sih
SC,2021,4,0,113,TRUE,TRUE,NA,TRUE,sih
SC,2022,1,0,113,TRUE,TRUE,NA,TRUE,sih
SC,2022,2,1,113,TRUE,TRUE,1,TRUE,sih
SC,2022,3,0,113,TRUE,TRUE,NA,TRUE,sih
SC,2022,4,0,113,TRUE,TRUE,NA,TRUE,sih
SC,2023,1,1,113,TRUE,TRUE,1,TRUE,sih
SC,2023,2,1,113,TRUE,TRUE,1,TRUE,sih
SC,2023,3,0,113,TRUE,TRUE,NA,TRUE,sih
SC,2023,4,0,113,TRUE,TRUE,NA,TRUE,sih
SC,2024,1,0,113,TRUE,TRUE,NA,TRUE,sih
SC,2024,2,0,113,TRUE,TRUE,NA,TRUE,sih
SC,2024,3,0,113,TRUE,TRUE,NA,TRUE,sih
SC,2024,4,1,113,TRUE,TRUE,1,TRUE,sih
SC,2025,1,2,114,TRUE,TRUE,2,TRUE,sih
SC,2025,2,0,114,TRUE,TRUE,NA,TRUE,sih
SC,2025,3,0,114,TRUE,TRUE,NA,TRUE,sih
SC,2025,4,0,114,TRUE,TRUE,NA,TRUE,sih
SP,2020,1,9,113,TRUE,TRUE,9,TRUE,sih
SP,2020,2,1,113,TRUE,TRUE,1,TRUE,sih
SP,2020,3,3,113,TRUE,TRUE,3,TRUE,sih
SP,2020,4,5,113,TRUE,TRUE,5,TRUE,sih
SP,2021,1,15,113,TRUE,TRUE,15,TRUE,sih
SP,2021,2,4,113,TRUE,TRUE,4,TRUE,sih
SP,2021,3,2,113,TRUE,TRUE,2,TRUE,sih
SP,2021,4,6,113,TRUE,TRUE,6,TRUE,sih
SP,2022,1,6,113,TRUE,TRUE,6,TRUE,sih
SP,2022,2,12,113,TRUE,TRUE,12,TRUE,sih
SP,2022,3,15,113,TRUE,TRUE,15,TRUE,sih
SP,2022,4,15,113,TRUE,TRUE,15,TRUE,sih
SP,2023,1,10,113,TRUE,TRUE,10,TRUE,sih
SP,2023,2,11,113,TRUE,TRUE,11,TRUE,sih
SP,2023,3,12,113,TRUE,TRUE,12,TRUE,sih
SP,2023,4,8,113,TRUE,TRUE,8,TRUE,sih
SP,2024,1,12,113,TRUE,TRUE,12,TRUE,sih
SP,2024,2,7,113,TRUE,TRUE,7,TRUE,sih
SP,2024,3,14,113,TRUE,TRUE,14,TRUE,sih
SP,2024,4,18,113,TRUE,TRUE,18,TRUE,sih
SP,2025,1,16,114,TRUE,TRUE,16,TRUE,sih
SP,2025,2,31,114,TRUE,TRUE,31,TRUE,sih
SP,2025,3,20,114,TRUE,TRUE,20,TRUE,sih
SP,2025,4,23,114,TRUE,TRUE,23,TRUE,sih
SE,2020,1,0,113,TRUE,TRUE,NA,TRUE,sih
SE,2020,2,0,113,TRUE,TRUE,NA,TRUE,sih
SE,2020,3,0,113,TRUE,TRUE,NA,TRUE,sih
SE,2020,4,1,113,TRUE,TRUE,1,TRUE,sih
SE,2021,1,0,113,TRUE,TRUE,NA,TRUE,sih
SE,2021,2,1,113,TRUE,TRUE,1,TRUE,sih
SE,2021,3,0,113,TRUE,TRUE,NA,TRUE,sih
SE,2021,4,1,113,TRUE,TRUE,1,TRUE,sih
SE,2022,1,0,113,TRUE,TRUE,NA,TRUE,sih
SE,2022,2,0,113,TRUE,TRUE,NA,TRUE,sih
SE,2022,3,0,113,TRUE,TRUE,NA,TRUE,sih
SE,2022,4,0,113,TRUE,TRUE,NA,TRUE,sih
SE,2023,1,0,113,TRUE,TRUE,NA,TRUE,sih
SE,2023,2,0,113,TRUE,TRUE,NA,TRUE,sih
SE,2023,3,0,113,TRUE,TRUE,NA,TRUE,sih
SE,2023,4,0,113,TRUE,TRUE,NA,TRUE,sih
SE,2024,1,0,113,TRUE,TRUE,NA,TRUE,sih
SE,2024,2,0,113,TRUE,TRUE,NA,TRUE,sih
SE,2024,3,0,113,TRUE,TRUE,NA,TRUE,sih
SE,2024,4,0,113,TRUE,TRUE,NA,TRUE,sih
SE,2025,1,0,114,TRUE,TRUE,NA,TRUE,sih
SE,2025,2,0,114,TRUE,TRUE,NA,TRUE,sih
SE,2025,3,0,114,TRUE,TRUE,NA,TRUE,sih
SE,2025,4,0,114,TRUE,TRUE,NA,TRUE,sih
TO,2020,1,0,113,TRUE,TRUE,NA,TRUE,sih
TO,2020,2,0,113,TRUE,TRUE,NA,TRUE,sih
TO,2020,3,0,113,TRUE,TRUE,NA,TRUE,sih
TO,2020,4,0,113,TRUE,TRUE,NA,TRUE,sih
TO,2021,1,0,113,TRUE,TRUE,NA,TRUE,sih
TO,2021,2,0,113,TRUE,TRUE,NA,TRUE,sih
TO,2021,3,0,113,TRUE,TRUE,NA,TRUE,sih
TO,2021,4,0,113,TRUE,TRUE,NA,TRUE,sih
TO,2022,1,0,113,TRUE,TRUE,NA,TRUE,sih
TO,2022,2,0,113,TRUE,TRUE,NA,TRUE,sih
TO,2022,3,0,113,TRUE,TRUE,NA,TRUE,sih
TO,2022,4,0,113,TRUE,TRUE,NA,TRUE,sih
TO,2023,1,0,113,TRUE,TRUE,NA,TRUE,sih
TO,2023,2,0,113,TRUE,TRUE,NA,TRUE,sih
TO,2023,3,0,113,TRUE,TRUE,NA,TRUE,sih
TO,2023,4,1,113,TRUE,TRUE,1,TRUE,sih
TO,2024,1,0,113,TRUE,TRUE,NA,TRUE,sih
TO,2024,2,0,113,TRUE,TRUE,NA,TRUE,sih
TO,2024,3,0,113,TRUE,TRUE,NA,TRUE,sih
TO,2024,4,0,113,TRUE,TRUE,NA,TRUE,sih
TO,2025,1,0,114,TRUE,TRUE,NA,TRUE,sih
TO,2025,2,0,114,TRUE,TRUE,NA,TRUE,sih
TO,2025,3,0,114,TRUE,TRUE,NA,TRUE,sih
TO,2025,4,1,114,TRUE,TRUE,1,TRUE,sih
